month,avg_years,avg_certs,avg_tools,skill_score
2026-02,3.2,2.2,1.4,2.3600000000000003
2026-02,3.0,1.5714285714285714,1.0,1.9714285714285718
